Rk,Player,Tm,2025-26,2026-27,2027-28,2028-29,2029-30,2030-31,Guaranteed,Player-additional
1,Stephen Curry,Golden State Warriors,$59606817,$62587158,,,,,$122193975,curryst01
2,Joel Embiid,Philadelphia 76ers,$55224526,$58100000,$62748000,$67396000,,,$176072526,embiijo01
3,Nikola Jokic,Denver Nuggets,$55224526,$59033114,$62841702,,,,$114257640,jokicni01
4,Kevin Durant,Houston Rockets,$54708609,$43902439,$46097561,,,,$98611048,duranke01
5,Jayson Tatum,Boston Celtics,$54126450,$58456566,$62786682,$67116798,$71446914,,$242486496,tatumja01
6,Giannis Antetokounmpo,Milwaukee Bucks,$54126450,$58456566,$62786682,,,,$112583016,antetgi01
7,Anthony Davis,Dallas Mavericks,$54126450,$58456566,$62786682,,,,$112583016,davisan02
8,Jimmy Butler,Golden State Warriors,$54126450,$56832773,,,,,$110959223,butleji01
9,Damian Lillard,Milwaukee Bucks,$68230450,$13398800,$14104000,,,,$54126450,lillada01
10,Bradley Beal,Los Angeles Clippers,$59020270,$5621700,,,,,$53666270,bealbr01
11,Jaylen Brown,Boston Celtics,$53142264,$57078728,$61015192,$64951656,,,$236187840,brownja02
12,Devin Booker,Phoenix Suns,$53142264,$57078728,$61015192,$64065952,$69191228,,$235302136,bookede01
13,Karl-Anthony Towns,New York Knicks,$53142264,$57078728,$61015192,,,,$110220992,townska01
14,LeBron James,Los Angeles Lakers,$52627153,,,,,,$52627153,jamesle01
15,Paul George,Philadelphia 76ers,$51666090,$54126380,$56586670,,,,$105792470,georgpa01
16,Kawhi Leonard,Los Angeles Clippers,$50000000,$50300000,,,,,$100300000,leonaka01
17,Zach LaVine,Sacramento Kings,$47499660,$48967380,,,,,$47499660,lavinza01
18,Cade Cunningham,Detroit Pistons,$46394100,$50105628,$53817156,$57528684,$61240212,,$269085780,cunnica01
19,Evan Mobley,Cleveland Cavaliers,$46394100,$50105628,$53817156,$57528684,$61240212,,$269085780,mobleev01
20,Jamal Murray,Denver Nuggets,$46394100,$50105628,$53817156,$57528684,,,$207845568,murraja01
21,Lauri Markkanen,Utah Jazz,$46394100,$46113154,$49824681,$53536209,,,$195868144,markkla01
22,Donovan Mitchell,Cleveland Cavaliers,$46394100,$50105628,$53817156,,,,$96499728,mitchdo01
23,Luka Doncic,Los Angeles Lakers,$45999660,$49800000,$53784000,$57768000,,,$149583660,doncilu01
24,Trae Young,Washington Wizards,$45999660,$48967380,,,,,$45999660,youngtr01
25,Anthony Edwards,Minnesota Timberwolves,$45550512,$48924624,$52298736,$55672848,,,$202446720,edwaran01
26,Tyrese Haliburton,Indiana Pacers,$45550512,$48924624,$52298736,$55672848,,,$202446720,halibty01
27,Pascal Siakam,Indiana Pacers,$45550512,$48924624,$52298736,,,,$146773872,siakapa01
28,Domantas Sabonis,Sacramento Kings,$42336000,$45472000,$48608000,,,,$136416000,sabondo01
29,OG Anunoby,New York Knicks,$39568966,$42500000,$45431034,$48362068,,,$127500000,anunoog01
30,Zion Williamson,New Orleans Pelicans,$39446090,$42166510,$44886930,,,,$126499530,willizi01
31,Ja Morant,Memphis Grizzlies,$39446090,$42166510,$44886930,,,,$126499530,moranja01
32,Darius Garland,Cleveland Cavaliers,$39446090,$42166510,$44886930,,,,$126499530,garlada01
33,James Harden,Los Angeles Clippers,$39182693,$42317307,,,,,,hardeja01
34,Scottie Barnes,Toronto Raptors,$38661750,$41754690,$44847630,$47940570,$51033510,,$224238150,barnesc01
35,Franz Wagner,Orlando Magic,$38661750,$41754690,$44847630,$47940570,$51033510,,$224238150,wagnefr01
36,Shai Gilgeous-Alexander,Oklahoma City Thunder,$38333050,$40806150,$61005000,$65885400,$70765800,$75646200,$276795400,gilgesh01
37,Michael Porter Jr.,Brooklyn Nets,$38333050,$40806150,,,,,$50333050,portemi01
38,Brandon Ingram,Toronto Raptors,$38095238,$40000000,$41904762,,,,$78095238,ingrabr01
39,Tyrese Maxey,Philadelphia 76ers,$37958760,$40770520,$43582280,$46394040,,,$168705600,maxeyty01
40,LaMelo Ball,Charlotte Hornets,$37958760,$40770520,$43582280,$46394040,,,$168705600,ballla01
41,De'Aaron Fox,San Antonio Spurs,$37096620,$49800000,$53784000,$57768000,$61752000,,$260200620,foxde01
42,Bam Adebayo,Miami Heat,$37096620,$49800000,$53784000,$57768000,,,$140680620,adebaba01
43,Desmond Bane,Orlando Magic,$36725670,$39446090,$42166510,$44886930,,,$163225200,banede01
44,Kyrie Irving,Dallas Mavericks,$36566002,$39491282,$42416562,,,,$76057284,irvinky01
45,Deandre Ayton,Los Angeles Lakers,$43654814,$8104000,,,,,$35550814,aytonde01
46,Jaren Jackson Jr.,Memphis Grizzlies,$35000000,$49000000,$50500000,$52000000,$53500000,,$186500000,jacksja02
47,Jalen Suggs,Orlando Magic,$35000000,$32400000,$29600000,$26800000,$26700000,,$123800000,suggsja01
48,Rudy Gobert,Minnesota Timberwolves,$35000000,$36500000,$38000000,,,,$71500000,goberru01
49,Jalen Brunson,New York Knicks,$34944001,$37739521,$40535041,$43330561,,,$113218563,brunsja01
50,Alperen Sengun,Houston Rockets,$33944954,$35642202,$37339450,$39036697,$39036697,,$145963303,sengual01
51,Jalen Green,Phoenix Suns,$33584499,$36251166,$36000000,,,,$69835665,greenja05
52,Khris Middleton,Washington Wizards,$33296296,,,,,,$33296296,middlkh01
53,Immanuel Quickley,Toronto Raptors,$32500000,$32500000,$32500000,$32500000,,,$130000000,quickim01
54,Jrue Holiday,Portland Trail Blazers,$32400000,$34800000,$37200000,,,,$67200000,holidjr01
55,Jerami Grant,Portland Trail Blazers,$32000001,$34206898,$36413790,,,,$66206899,grantje01
56,Jordan Poole,New Orleans Pelicans,$31848215,$34044642,,,,,$65892857,poolejo01
57,Tyler Herro,Miami Heat,$31000000,$33000000,,,,,$64000000,herroty01
58,Julius Randle,Minnesota Timberwolves,$30864198,$33333334,$35802468,,,,$64197532,randlju01
59,Dejounte Murray,New Orleans Pelicans,$30801103,$32785071,$30751504,,,,$63586174,murrade01
60,Kristaps Porzingis,Atlanta Hawks,$30731707,,,,,,$30731707,porzikr01
61,CJ McCollum,Atlanta Hawks,$30666666,,,,,,$30666666,mccolcj01
62,Jalen Johnson,Atlanta Hawks,$30000000,$30000000,$30000000,$30000000,$30000000,,$150000000,johnsja05
63,Isaiah Hartenstein,Oklahoma City Thunder,$28500000,$28500000,,,,,$28500000,harteis01
64,Andrew Wiggins,Miami Heat,$28223215,$30169644,,,,,$28223215,wiggian01
65,Derrick White,Boston Celtics,$28100000,$30348000,$32596000,$34844000,,,$91044000,whitede01
66,RJ Barrett,Toronto Raptors,$27705357,$29616071,,,,,$57321428,barrerj01
67,Anfernee Simons,Boston Celtics,$27678571,,,,,,$27678571,simonan01
68,Devin Vassell,San Antonio Spurs,$27000000,$27000000,$24652174,$27000000,,,$105652174,vassede01
69,Terry Rozier,Miami Heat,$26643031,,,,,,$26643031,roziete01
70,Tobias Harris,Detroit Pistons,$26634146,,,,,,$26634146,harrito02
71,John Collins,Los Angeles Clippers,$26580000,,,,,,$26580000,collijo01
72,Draymond Green,Golden State Warriors,$25892857,$27678571,,,,,$53571428,greendr01
73,Nicolas Claxton,Brooklyn Nets,$25352272,$23147727,$20943184,,,,$69443183,claxtni01
74,Myles Turner,Milwaukee Bucks,$25318251,$26584164,$27850077,$29115990,,,$79752492,turnemy01
75,Trey Murphy III,New Orleans Pelicans,$25000000,$27000000,$29000000,$31000000,,,$112000000,murphtr02
76,Josh Giddey,Chicago Bulls,$25000000,$25000000,$25000000,$25000000,,,$100000000,giddejo01
77,Miles Bridges,Charlotte Hornets,$25000000,$22826087,,,,,$47826087,bridgmi02
78,Fred VanVleet,Houston Rockets,$25000000,$25000000,,,,,$25000000,vanvlfr01
79,Mikal Bridges,New York Knicks,$24900000,$33482145,$36160714,$38839285,$41517856,,$133382144,bridgmi01
80,DeMar DeRozan,Sacramento Kings,$24570000,$25740000,,,,,$24570000,derozde01
81,Jaden McDaniels,Minnesota Timberwolves,$24393104,$26200001,$28006898,$29813790,,,$108413793,mcdanja02
82,De'Andre Hunter,Cleveland Cavaliers,$23303571,$24910714,,,,,$48214285,huntede01
83,Aaron Gordon,Denver Nuggets,$22841455,$33658037,$36350680,$39043323,,,$92850172,gordoaa01
84,Jonathan Kuminga,Golden State Warriors,$22500000,$24300000,,,,,$22500000,kuminjo01
85,Kyle Kuzma,Milwaukee Bucks,$22410605,$20345152,,,,,$42755757,kuzmaky01
86,Kentavious Caldwell-Pope,Memphis Grizzlies,$21621500,$21621500,,,,,$21621500,caldwke01
87,Marcus Smart,Los Angeles Lakers,$26720855,$5390700,,,,,$21586855,smartma01
88,Naz Reid,Minnesota Timberwolves,$21551724,$23275862,$25000000,$26724138,$28448276,,$96551724,reidna01
89,Nikola Vucevic,Chicago Bulls,$21481481,,,,,,$21481481,vucevni01
90,Dillon Brooks,Phoenix Suns,$21124110,$19992727,,,,,$41116837,brookdi01
91,Cameron Johnson,Denver Nuggets,$21057065,$23062500,,,,,$44119565,johnsca02
92,Norman Powell,Miami Heat,$20482758,,,,,,$20482758,powelno01
93,Jarrett Allen,Cleveland Cavaliers,$20000000,$28000000,$30240000,$32480000,,,$110720000,allenja01
94,Jakob Poeltl,Toronto Raptors,$19500000,$19500000,$27300000,$29484000,$27300000,,$95784000,poeltja01
95,Josh Hart,New York Knicks,$19472240,$20923760,$22375280,,,,$40396000,hartjo01
96,Jusuf Nurkic,Utah Jazz,$19375000,,,,,,$19375000,nurkiju01
97,Harrison Barnes,San Antonio Spurs,$19000000,,,,,,$19000000,barneha02
98,Collin Sexton,Charlotte Hornets,$18975000,,,,,,$18975000,sextoco01
99,Malik Monk,Sacramento Kings,$18797619,$20190035,$21582451,,,,$38987654,monkma01
100,Santi Aldama,Memphis Grizzlies,$18485916,$17007043,$17007043,,,,$35492959,aldamsa01
101,Rui Hachimura,Los Angeles Lakers,$18259259,,,,,,$18259259,hachiru01
102,Luguentz Dort,Oklahoma City Thunder,$18222222,$18222222,,,,,$18222222,dortlu01
103,Alex Caruso,Oklahoma City Thunder,$18102000,$19550160,$20998320,$22446480,,,$81096960,carusal01
104,Ivica Zubac,Los Angeles Clippers,$18102000,$19550160,$20998320,,,,$58650480,zubaciv01
105,Andrew Nembhard,Indiana Pacers,$18102000,$19550160,$20998320,,,,$58650480,nembhan01
106,Zach Collins,Chicago Bulls,$18080496,,,,,,$18080496,colliza01
107,Patrick Williams,Chicago Bulls,$18000000,$18000000,$18000000,$18000000,,,$54000000,willipa01
108,Kevin Huerter,Chicago Bulls,$17991071,,,,,,$17991071,huertke01
109,Keldon Johnson,San Antonio Spurs,$17500000,$17500000,,,,,$35000000,johnske04
110,Grayson Allen,Phoenix Suns,$16875000,$18125000,$19375000,,,,$35000000,allengr01
111,Duncan Robinson,Detroit Pistons,$26722692,$15992957,$15151222,,,,$16834692,robindu01
112,Klay Thompson,Dallas Mavericks,$16666667,$17460317,,,,,$34126984,thompkl01
113,Bogdan Bogdanovic,Los Angeles Clippers,$16020000,$16020000,,,,,$16020000,bogdabo01
114,Max Strus,Cleveland Cavaliers,$15936452,$16660836,,,,,$32597288,strusma01
115,Terance Mann,Brooklyn Nets,$15500000,$15500000,$16000000,,,,$47000000,mannte01
116,Paolo Banchero,Orlando Magic,$15334769,$41500000,$44820000,$48140000,$51460000,$54780000,$201254769,banchpa01
117,Nickeil Alexander-Walker,Atlanta Hawks,$15161800,$14403710,$15161800,$15919890,,,$44727310,alexani01
118,Onyeka Okongwu,Atlanta Hawks,$15000000,$16120000,$16880000,,,,$48000000,okongon01
119,Jonathan Isaac,Orlando Magic,$15000000,$14500000,$14500000,$15000000,,,$44000000,isaacjo01
120,Isaiah Stewart,Detroit Pistons,$15000000,$15000000,$15000000,,,,$30000000,stewais01
121,Daniel Gafford,Dallas Mavericks,$14386320,$17263584,$18126763,$18989942,,,$68766609,gaffoda01
122,Deni Avdija,Portland Trail Blazers,$14375000,$13125000,$11875000,,,,$39375000,avdijde01
123,Jordan Clarkson,New York Knicks,$16581988,,,,,,$14285714,clarkjo01
124,P.J. Washington,Dallas Mavericks,$14152174,$19813044,$21398088,$22983132,$24568176,,$102914614,washipj01
125,Steven Adams,Houston Rockets,$14130434,$13000000,$11869566,,,,$39000000,adamsst01
126,Caris LeVert,Detroit Pistons,$14104000,$14809200,,,,,$28913200,leverca01
127,Dennis Schroder,Sacramento Kings,$14104000,$14809200,$15514400,,,,$28913200,schrode01
128,Damian Lillard,Portland Trail Blazers,$68230450,$13398800,$14104000,,,,$27502800,lillada01
129,Obi Toppin,Indiana Pacers,$14000000,$15000000,$16025000,,,,$45025000,toppiob01
130,Corey Kispert,Atlanta Hawks,$13975000,$13975000,$13050000,$13050000,,,$41000000,kispeco01
131,Herbert Jones,New Orleans Pelicans,$13937574,$14898786,$20858300,$22526964,$24195628,,$72221624,joneshe01
132,Austin Reaves,Los Angeles Lakers,$13937574,$14898786,,,,,$13937574,reaveau01
133,Cooper Flagg,Dallas Mavericks,$13825920,$14517480,$15208680,$19178146,,,$28343400,flaggco01
134,Chet Holmgren,Oklahoma City Thunder,$13731368,$41500000,$44820000,$48140000,$51460000,$54780000,$254431368,holmgch01
135,Josh Green,Charlotte Hornets,$13666667,$14679012,,,,,$28345679,greenjo02
136,Grant Williams,Charlotte Hornets,$13645500,$14265750,,,,,$27911250,willigr01
137,Bobby Portis,Milwaukee Bucks,$13445754,$14521414,$15597074,,,,$27967168,portibo01
138,Kelly Olynyk,San Antonio Spurs,$13445122,,,,,,$13445122,olynyke01
139,Victor Wembanyama,San Antonio Spurs,$13376880,$16868246,,,,,$30245126,wembavi01
140,Robert Williams III,Portland Trail Blazers,$13285713,,,,,,$13285713,williro04
141,Zaccharie Risacher,Atlanta Hawks,$13197720,$13826040,$17434637,,,,$27023760,risacza01
142,Cole Anthony,Milwaukee Bucks,$15396274,,,,,,$13100000,anthoco01
143,Mitchell Robinson,New York Knicks,$12954546,,,,,,$12954546,robinmi01
144,Coby White,Chicago Bulls,$12888889,,,,,,$12888889,whiteco01
145,Dorian Finney-Smith,Houston Rockets,$12700000,$13335000,$13335000,$13335000,,,$39370000,finnedo01
146,Brandon Clarke,Memphis Grizzlies,$12500000,$12500000,,,,,$25000000,clarkbr01
147,Dylan Harper,San Antonio Spurs,$12370320,$12989040,$13607760,$17172994,,,$25359360,harpedy01
148,Isaiah Joe,Oklahoma City Thunder,$12362338,$11323006,$11323006,,,,$23685344,joeis01
149,Jabari Smith Jr.,Houston Rockets,$12350392,$23643411,$21751940,$23643411,$25534883,$27426355,$134350392,smithja05
150,Donte DiVincenzo,Minnesota Timberwolves,$11990000,$12535000,,,,,$24525000,divindo01
151,Brandon Miller,Charlotte Hornets,$11968800,$15104626,,,,,$27073426,millebr02
152,Alexandre Sarr,Washington Wizards,$11808240,$12370680,$15611798,,,,$24178920,sarral01
153,Davion Mitchell,Miami Heat,$11600000,$12400000,,,,,$24000000,mitchda01
154,Moses Moody,Golden State Warriors,$11574075,$12500000,$13425925,,,,$37500000,moodymo01
155,Jarred Vanderbilt,Los Angeles Lakers,$11571429,$12428571,$13285714,,,,$24000000,vandeja01
156,Matisse Thybulle,Portland Trail Blazers,$11550000,,,,,,$11550000,thybuma01
157,Gabe Vincent,Los Angeles Lakers,$11500000,,,,,,$11500000,vincega01
158,Keegan Murray,Sacramento Kings,$11144093,$24137936,$26068965,$27999999,$29931033,$31862067,$151144093,murrake02
159,VJ Edgecombe,Philadelphia 76ers,$11108880,$11663880,$12219720,$15445727,,,$22772760,edgecvj01
160,Aaron Nesmith,Indiana Pacers,$11000000,$11000000,$19418000,$20971440,,,$62389440,nesmiaa01
161,Luke Kornet,San Antonio Spurs,$11000000,$10450000,$9900000,$9350000,,,$24000000,kornelu01
162,Isaac Okoro,Chicago Bulls,$11000000,$11814814,,,,,$22814814,okorois01
163,Maxi Kleber,Los Angeles Lakers,$11000000,,,,,,$11000000,klebima01
164,Luke Kennard,Atlanta Hawks,$11000000,,,,,,$11000000,kennalu01
165,Wendell Carter Jr.,Orlando Magic,$10850000,$18102000,$19550160,$20998320,,,$48502160,cartewe01
166,Mike Conley,Minnesota Timberwolves,$10774038,,,,,,$10774038,conlemi01
167,Scoot Henderson,Portland Trail Blazers,$10748040,$13585523,,,,,$24333563,hendesc01
168,Reed Sheppard,Houston Rockets,$10603560,$11108880,$14041625,,,,$21712440,sheppre01
169,Jonas Valanciunas,Denver Nuggets,$10395000,$10000000,,,,,$10395000,valanjo01
170,T.J. McConnell,Indiana Pacers,$10200000,$11000000,$11800000,$11800000,,,$33000000,mccontj01
171,Royce O'Neale,Phoenix Suns,$10125000,$10875000,$11625000,,,,$32625000,onealro01
172,Jaden Ivey,Detroit Pistons,$10107163,,,,,,$10107163,iveyja01
173,Aaron Wiggins,Oklahoma City Thunder,$10102803,$9224300,$8345797,$8345797,,,$27672900,wiggiaa01
174,Sam Hauser,Boston Celtics,$10044644,$10848215,$11651785,$12455356,,,$45000000,hausesa01
175,Kon Knueppel,Charlotte Hornets,$10015680,$10516560,$11017560,$13937214,,,$20532240,knuepko01
176,Derrick Jones Jr.,Los Angeles Clippers,$10000000,$10476190,,,,,$20476190,jonesde02
177,Lonzo Ball,Cleveland Cavaliers,$10000000,$10000000,,,,,$10000000,balllo01
178,Duncan Robinson,Detroit Pistons,$26722692,$15992957,$15151222,,,,$9888000,robindu01
179,Amen Thompson,Houston Rockets,$9690600,$12258609,,,,,$21949209,thompam01
180,Caleb Martin,Dallas Mavericks,$9594044,$10001493,$9371351,,,,$19595537,martica02
181,Stephon Castle,San Antonio Spurs,$9560520,$10015920,$12670139,,,,$19576440,castlst01
182,Pat Connaughton,Charlotte Hornets,$9423869,,,,,,$9423869,connapa01
183,Buddy Hield,Golden State Warriors,$9219512,$9658536,$10097560,,,,$18878048,hieldbu01
184,Kyle Anderson,Utah Jazz,$9219512,$9658536,,,,,$9219512,anderky01
185,Bennedict Mathurin,Indiana Pacers,$9187573,,,,,,$9187573,mathube01
186,Ace Bailey,Utah Jazz,$9069840,$9523080,$9976560,$12640302,,,$18592920,baileac01
187,Naji Marshall,Dallas Mavericks,$9000000,$9428571,,,,,$18428571,marshna01
188,Jalen Smith,Chicago Bulls,$9000000,$9428571,,,,,$18428571,smithja04
189,Ty Jerome,Memphis Grizzlies,$8781000,$9220050,$9659100,,,,$18001050,jeromty01
190,Ausar Thompson,Detroit Pistons,$8775000,$11117925,,,,,$19892925,thompau01
191,Brook Lopez,Los Angeles Clippers,$8750000,$9187500,,,,,$8750000,lopezbr01
192,Quentin Grimes,Philadelphia 76ers,$8741209,,,,,,$8741209,grimequ01
193,Ronald Holland II,Detroit Pistons,$8657280,$9069600,$11491183,,,,$17726880,hollaro01
194,Sam Merrill,Cleveland Cavaliers,$8482144,$9160715,$9839285,$10517856,,,$38000000,merrisa01
195,Jaylin Williams,Oklahoma City Thunder,$8450704,$7774648,$7774648,,,,$16225352,willija07
196,Shaedon Sharpe,Portland Trail Blazers,$8399983,$20089287,$21696429,$23303571,$24910713,,$98399983,sharpsh01
197,Kelly Oubre Jr.,Philadelphia 76ers,$8382150,,,,,,$8382150,oubreke01
198,Goga Bitadze,Orlando Magic,$8333333,$7608696,,,,,$15942029,bitadgo01
199,Simone Fontecchio,Miami Heat,$8307692,,,,,,$8307692,fontesi01
200,Tre Johnson,Washington Wizards,$8237640,$8649600,$9061680,$11490211,,,$16887240,johnstr03
201,Georges Niang,Memphis Grizzlies,$8200000,,,,,,$8200000,niangge01
202,Zeke Nnaji,Denver Nuggets,$8177778,$7466667,$7466667,,,,$15644445,nnajize01
203,Vasilije Micić,Milwaukee Bucks,$8109150,,,,,,$8109150,micicva01
204,Deandre Ayton,Los Angeles Lakers,$43654814,$8104000,,,,,$8104000,aytonde01
205,Tre Mann,Charlotte Hornets,$8000000,$8000000,$8000000,,,,$16000000,manntr01
206,Tre Jones,Chicago Bulls,$8000000,$8000000,$8000000,,,,$16000000,jonestr01
207,Kevon Looney,New Orleans Pelicans,$8000000,$8000000,,,,,$8000000,looneke01
208,Jock Landale,Memphis Grizzlies,$10296274,,,,,,$8000000,landajo01
209,Anthony Black,Orlando Magic,$7970280,$10106316,,,,,$18076596,blackan01
210,Tidjane Salaün,Charlotte Hornets,$7863240,$8237880,$10445633,,,,$16101120,salauti01
211,Max Christie,Dallas Mavericks,$7714286,$8285714,$8857143,,,,$16000000,chrisma02
212,Dyson Daniels,Atlanta Hawks,$7707709,$25000000,$25000000,$25000000,$25000000,,$107707709,daniedy01
213,Isaiah Jackson,Indiana Pacers,$7600000,$7000000,$6400000,,,,$21000000,jacksis01
214,Jeremiah Fears,New Orleans Pelicans,$7520040,$7896240,$8271960,$10505389,,,$15416280,fearsje01
215,Ayo Dosunmu,Chicago Bulls,$7518518,,,,,,$7518518,dosunay01
216,Bilal Coulibaly,Washington Wizards,$7275600,$9240012,,,,,$16515612,coulibi01
217,Payton Pritchard,Boston Celtics,$7232143,$7767857,$8303571,,,,$23303571,pritcpa01
218,Donovan Clingan,Portland Trail Blazers,$7178400,$7519920,$9550298,,,,$14698320,clingdo01
219,Kenrich Williams,Oklahoma City Thunder,$7163000,$7163000,,,,,$7163000,willike04
220,Jeremy Sochan,San Antonio Spurs,$7096231,,,,,,$7096231,sochaje01
221,Tyus Jones,Orlando Magic,$7000000,,,,,,$7000000,jonesty01
222,Egor Dëmin,Brooklyn Nets,$6889200,$7233720,$7578240,$9639522,,,$14122920,demineg01
223,Jevon Carter,Chicago Bulls,$6809524,,,,,,$6809524,carteje01
224,Clint Capela,Houston Rockets,$6700000,$7035000,$7370000,,,,$21105000,capelca01
225,Ousmane Dieng,Oklahoma City Thunder,$6670882,,,,,,$6670882,diengou01
226,Jarace Walker,Indiana Pacers,$6665520,$8478542,,,,,$15144062,walkeja02
227,Dean Wade,Cleveland Cavaliers,$6623456,,,,,,,wadede01
228,Jalen Williams,Oklahoma City Thunder,$6580997,$41500000,$44820000,$48140000,$51460000,$54780000,$247280997,willija06
229,Rob Dillingham,Minnesota Timberwolves,$6576120,$6889320,$8763216,,,,$13465440,dilliro01
230,Jalen Duren,Detroit Pistons,$6483144,,,,,,$6483144,durenja01
231,Ochai Agbaji,Toronto Raptors,$6383525,,,,,,$6383525,agbajoc01
232,Collin Murray-Boyles,Toronto Raptors,$6332520,$6649560,$6966000,$8874684,,,$12982080,murraco01
233,Mark Williams,Phoenix Suns,$6276531,,,,,,$6276531,willima07
234,Day'Ron Sharpe,Brooklyn Nets,$6250000,$6250000,,,,,$6250000,sharpda01
235,Ziaire Williams,Brooklyn Nets,$6250000,$6250000,,,,,$6250000,willizi02
236,John Konchar,Memphis Grizzlies,$6165000,$6165000,,,,,$12330000,konchjo01
237,Taylor Hendricks,Utah Jazz,$6127080,$7805900,,,,,$13932980,hendrta01
238,Saddiq Bey,New Orleans Pelicans,$6118644,$6440678,,,,,$12559322,beysa01
239,Zach Edey,Memphis Grizzlies,$6045000,$6332760,$8067937,,,,$12377760,edeyza01
240,Khaman Maluach,Phoenix Suns,$6016080,$6316680,$6617160,$8436880,,,$12332760,maluakh01
241,Jake LaRavia,Los Angeles Lakers,$6000000,$6000000,,,,,$12000000,laravja01
242,Jaden Hardy,Dallas Mavericks,$6000000,$6000000,$6000000,,,,$12000000,hardyja02
243,Cam Thomas,Brooklyn Nets,$5993172,,,,,,$5993172,thomaca02
244,Cason Wallace,Oklahoma City Thunder,$5820240,$7420806,,,,,$13241046,wallaca01
245,Cody Williams,Utah Jazz,$5742480,$6015600,$7669890,,,,$11758080,willico04
246,Cedric Coward,Memphis Grizzlies,$5715120,$6001080,$6286920,$8342743,,,$11716200,cowarce01
247,Al Horford,Golden State Warriors,$5685000,$5969250,,,,,$5685000,horfoal01
248,D'Angelo Russell,Dallas Mavericks,$5685000,$5969250,,,,,$5685000,russeda01
249,Tari Eason,Houston Rockets,$5675766,,,,,,$5675766,easonta01
250,Haywood Highsmith,Brooklyn Nets,$5616000,,,,,,$5616000,highsha01
251,Nicolas Batum,Los Angeles Clippers,$5601600,$5881680,,,,,$5601600,batumni01
252,Jett Howard,Orlando Magic,$5529720,$7337939,,,,,$5529720,howarje01
253,Guerschon Yabusele,New York Knicks,$5500000,$5775000,,,,,$5500000,yabusgu01
254,Matas Buzelis,Chicago Bulls,$5455560,$5715360,$7584283,,,,$11170920,buzelma01
255,Noa Essengue,Chicago Bulls,$5429520,$5701200,$5972760,$8230464,,,$11130720,essenno01
256,Kris Dunn,Los Angeles Clippers,$5426400,$5684800,,,,,$5426400,dunnkr01
257,Dario Saric,Sacramento Kings,$5426400,,,,,,$5426400,saricda01
258,Dalen Terry,Chicago Bulls,$5399118,,,,,,$5399118,terryda01
259,Bradley Beal,Los Angeles Clippers,$59020270,$5621700,,,,,$5354000,bealbr01
260,Paul Reed,Detroit Pistons,$5335894,$5602689,,,,,$5335894,reedpa01
261,Dereck Lively II,Dallas Mavericks,$5253360,$7239131,,,,,$12492491,livelde01
262,Nikola Topić,Oklahoma City Thunder,$5182920,$5429760,$7482210,,,,$10612680,topicni01
263,Derik Queen,New Orleans Pelicans,$5157960,$5416080,$5673840,$8107918,,,$10574040,queende01
264,Kevin Porter Jr.,Milwaukee Bucks,$5134000,$5390700,,,,,$5134000,porteke02
265,Marcus Smart,Los Angeles Lakers,$26720855,$5390700,,,,,$5134000,smartma01
266,Andre Drummond,Philadelphia 76ers,$5000000,,,,,,$5000000,drumman01
267,Moritz Wagner,Orlando Magic,$5000000,,,,,,$5000000,wagnemo01
268,Nick Richards,Phoenix Suns,$5000000,,,,,,,richani01
269,Gradey Dick,Toronto Raptors,$4990560,$7131511,,,,,$12122071,dickgr01
270,Malaki Branham,Washington Wizards,$4962033,,,,,,$4962033,branhma01
271,Devin Carter,Sacramento Kings,$4923720,$5158080,$7370897,,,,$10081800,cartede02
272,Christian Braun,Denver Nuggets,$4921797,$21551726,$23275863,$25000000,$26724137,$28448274,$129921797,braunch01
273,Carter Bryant,San Antonio Spurs,$4900320,$5145360,$5390640,$7983539,,,$10045680,bryanca01
274,Walker Kessler,Utah Jazz,$4878938,,,,,,$4878938,kesslwa01
275,Jordan Hawkins,New Orleans Pelicans,$4741320,$7021895,,,,,$11763215,hawkijo01
276,Blake Wesley,Portland Trail Blazers,$7022602,,,,,,$4726328,weslebl01
277,Carlton Carrington,Washington Wizards,$4677600,$4900560,$7257730,,,,$9578160,carrica01
278,Thomas Sorber,Oklahoma City Thunder,$4655040,$4887720,$5120400,$7849573,,,$9542760,sorbeth01
279,Kobe Bufkin,Los Angeles Lakers,$4503720,,,,,,$4503720,bufkiko01
280,Jose Alvarado,New Orleans Pelicans,$4500000,$4500000,,,,,$4500000,alvarjo01
281,Nikola Jovic,Miami Heat,$4445417,$16200000,$14904000,$15096000,$16200000,,$66845417,jovicni01
282,Kel'el Ware,Miami Heat,$4443360,$4654920,$7135992,,,,$9098280,wareke01
283,Yang Hansen,Portland Trail Blazers,$4422360,$4643520,$4864920,$7462788,,,$9065880,yangha01
284,Peyton Watson,Denver Nuggets,$4356476,,,,,,$4356476,watsope01
285,Miles McBride,New York Knicks,$4333333,$3956523,,,,,$8289856,mcbrimi01
286,Keyonte George,Utah Jazz,$4278960,$6563925,,,,,$10842885,georgke01
287,Jared McCain,Philadelphia 76ers,$4221360,$4422600,$6784268,,,,$8643960,mccaija01
288,Joan Beringer,Minnesota Timberwolves,$4201080,$4411200,$4621200,$7098163,,,$8612280,berinjo01
289,Kevin Love,Utah Jazz,$4150000,,,,,,$4150000,loveke01
290,Dalton Knecht,Los Angeles Lakers,$4010160,$4201080,$6452860,,,,$8211240,knechda01
291,Ryan Rollins,Milwaukee Bucks,$4000000,$4000000,$4000000,,,,$8000000,rolliry01
292,Dwight Powell,Dallas Mavericks,$4000000,,,,,,$4000000,poweldw01
293,Walter Clayton Jr.,Utah Jazz,$3991320,$4190520,$4390320,$6752312,,,$8181840,claytwa01
294,Jaime Jaquez Jr.,Miami Heat,$3861600,$5939141,,,,,$9800741,jaqueja01
295,Nolan Traore,Brooklyn Nets,$3811560,$4002000,$4193040,$6457282,,,$7813560,traorno01
296,Tristan da Silva,Orlando Magic,$3809520,$3991200,$6138466,,,,$7800720,dasiltr01
297,Gary Trent Jr.,Milwaukee Bucks,$3697105,$3881960,,,,,$3697105,trentga02
298,Brandin Podziemski,Golden State Warriors,$3687960,$5679459,,,,,$9367419,podzibr01
299,Svi Mykhailiuk,Utah Jazz,$3675000,$3850000,$4025000,,,,,mykhasv01
300,Kasparas Jakučionis,Miami Heat,$3658800,$3841680,$4024440,$6205687,,,$7500480,jakucka01
301,Ja'Kobe Walter,Toronto Raptors,$3638160,$3811800,$5870172,,,,$7449960,walteja01
302,Gary Harris,Milwaukee Bucks,$3634153,$3815861,,,,,$3634153,harriga01
303,Cam Whitmore,Washington Wizards,$3539760,$5458310,,,,,$8998070,whitmca01
304,Will Riley,Washington Wizards,$3512520,$3688320,$3864000,$6155352,,,$7200840,rileywi01
305,Jaylon Tyson,Cleveland Cavaliers,$3492480,$3658560,$5641500,,,,$7151040,tysonja01
306,Jaxson Hayes,Los Angeles Lakers,$3449323,,,,,,$3449323,hayesja02
307,Noah Clowney,Brooklyn Nets,$3398640,$5414034,,,,,$8812674,clownno01
308,Drake Powell,Brooklyn Nets,$3372240,$3540600,$3709320,$6101832,,,$6912840,poweldr01
309,Yves Missi,New Orleans Pelicans,$3353040,$3512760,$5595827,,,,$6865800,missiyv01
310,Taurean Prince,Milwaukee Bucks,$3303774,$3815861,,,,,$3303774,princta02
311,Dariq Whitehead,Brooklyn Nets,$3262560,,,,,,$3262560,whiteda01
312,Asa Newell,Atlanta Hawks,$3237480,$3399480,$3560880,$6042814,,,$6636960,newelas01
313,DaRon Holmes II,Denver Nuggets,$3218760,$3372120,$5547138,,,,$6590880,holmeda01
314,Kris Murray,Portland Trail Blazers,$3132000,$5315004,,,,,$8447004,murrakr01
315,Nique Clifford,Sacramento Kings,$3108120,$3263400,$3418800,$5979481,,,$6371520,cliffni01
316,Nassir Little,Phoenix Suns,$3107143,$3107143,$3107143,$3107143,,,$12428572,littlna01
317,AJ Johnson,Washington Wizards,$3090480,$3237120,$5493394,,,,$6327600,johnsaj01
318,De'Anthony Melton,Golden State Warriors,$3080921,$3451779,,,,,$3080921,meltode01
319,Shake Milton,Los Angeles Lakers,$3000000,$3287406,,,,,$6287406,miltosh01
320,Kyle Filipowski,Utah Jazz,$3000000,$3000000,$3000000,,,,$3000000,filipky01
321,Ajay Mitchell,Oklahoma City Thunder,$3000000,$2850000,$2850000,,,,$3000000,mitchaj01
322,Julian Champagnie,San Antonio Spurs,$3000000,$3000000,,,,,,champju02
323,Jase Richardson,Orlando Magic,$2983320,$3132360,$3282000,$5910882,,,$6115680,richaja02
324,Kyshawn George,Washington Wizards,$2966760,$3108000,$5435892,,,,$6074760,georgky01
325,Tony Bradley,Indiana Pacers,$2940876,,,,,,$2940876,bradlto01
326,Marcus Sasser,Detroit Pistons,$2886720,$5198983,,,,,$8085703,sassema01
327,Ben Saraf,Brooklyn Nets,$2884560,$3028560,$3172920,$5720776,,,$5913120,sarafbe01
328,Pacôme Dadiet,New York Knicks,$2847600,$2983680,$5373608,,,,$5831280,dadiepa01
329,Danny Wolf,Brooklyn Nets,$2801280,$2941440,$3081840,$5559640,,,$5742720,wolfda01
330,Ben Sheppard,Indiana Pacers,$2790720,$5031669,,,,,$7822389,sheppbe01
331,Hugo González,Boston Celtics,$2783880,$2923560,$3062640,$5528065,,,$5707440,gonzahu01
332,Liam McNeeley,Charlotte Hornets,$2763960,$2902080,$3040320,$5487778,,,$5666040,mcneeli01
333,Dillon Jones,New York Knicks,$2753280,,,,,,$2753280,jonesdi01
334,Yanic Konan Niederhäuser,Los Angeles Clippers,$2743800,$2880960,$3018480,$5448356,,,$5624760,konanya01
335,Nick Smith Jr.,Los Angeles Lakers,$2710680,,,,,,$2710680,smithni01
336,Brice Sensabaugh,Utah Jazz,$2693760,$4862237,,,,,$7555997,sensabr01
337,Julian Strawther,Denver Nuggets,$2674200,$4826931,,,,,$7501131,strawju01
338,Terrence Shannon Jr.,Minnesota Timberwolves,$2674080,$2801640,$5054159,,,,$5475720,shannte01
339,Ryan Dunn,Phoenix Suns,$2657760,$2784240,$5025553,,,,$5442000,dunnry01
340,Kobe Brown,Los Angeles Clippers,$2654880,$4792059,,,,,$2654880,brownko01
341,Isaiah Collier,Utah Jazz,$2638200,$2763960,$4988948,,,,$5402160,colliis01
342,Baylor Scheierman,Boston Celtics,$2619000,$2744040,$4952993,,,,$5363040,scheiba01
343,Xavier Tillman,Boston Celtics,$2546675,,,,,,$2546675,tillmxa01
344,Chuma Okeke,Cleveland Cavaliers,$2546675,,,,,,,okekech01
345,Cam Spencer,Memphis Grizzlies,$2537989,$2411090,$2616754,$2830685,,,$7565833,spencca01
346,Luka Garza,Boston Celtics,$2461463,$2801346,,,,,$5262809,garzalu01
347,Sandro Mamukelashvili,Toronto Raptors,$2461463,$2801346,,,,,$2461463,mamuksa01
348,Trendon Watford,Philadelphia 76ers,$2461463,$2801346,,,,,$2461463,watfotr01
349,Jericho Sims,Milwaukee Bucks,$2461463,$2801346,,,,,$2461463,simsje01
350,Dru Smith,Miami Heat,$2378870,$2584539,$2934742,,,,$2378870,smithdr01
351,Josh Minott,Boston Celtics,$2378870,$2584539,,,,,$2378870,minotjo01
352,Justin Champagnie,Washington Wizards,$2349578,$2667944,$3005085,,,,$5017522,champju01
353,Jordan Goodwin,Phoenix Suns,$2349578,,,,,,$2349578,goodwjo01
354,Jay Huff,Indiana Pacers,$2349578,$2667944,$3005085,,,,$2349578,huffja01
355,Keon Johnson,Brooklyn Nets,$2349578,,,,,,$2349578,johnske07
356,Vit Krejci,Atlanta Hawks,$2349578,$2667944,$3005085,,,,,krejcvi01
357,Neemias Queta,Boston Celtics,$2349578,$2667944,,,,,,quetane01
358,A.J. Green,Milwaukee Bucks,$2301587,$10044644,$10848215,$11651786,$12455355,,$47301587,greenaj01
359,Vince Williams Jr.,Memphis Grizzlies,$2301587,$2489752,,,,,$2301587,willivi01
360,Keon Ellis,Sacramento Kings,$2301587,,,,,,$2301587,elliske01
361,Sion James,Charlotte Hornets,$2296274,$2411090,$2525901,$2735698,,,$4707364,jamessi01
362,Ryan Kalkbrenner,Charlotte Hornets,$2296274,$2411090,$2525901,$2735698,,,$4707364,kalkbry01
363,Marvin Bagley III,Washington Wizards,$2296274,,,,,,$2296274,baglema01
364,Anthony Gill,Washington Wizards,$2296274,,,,,,$2296274,gillan01
365,Jock Landale,Memphis Grizzlies,$10296274,,,,,,$2296274,landajo01
366,Garrett Temple,Toronto Raptors,$2296274,,,,,,$2296274,templga01
367,Bismack Biyombo,San Antonio Spurs,$2296274,,,,,,$2296274,biyombi01
368,Lindy Waters III,San Antonio Spurs,$2296274,,,,,,$2296274,waterli01
369,Jordan McLaughlin,San Antonio Spurs,$2296274,,,,,,$2296274,mclaujo01
370,Russell Westbrook,Sacramento Kings,$2296274,,,,,,$2296274,westbru01
371,Doug McDermott,Sacramento Kings,$2296274,,,,,,$2296274,mcderdo01
372,Drew Eubanks,Sacramento Kings,$2296274,,,,,,$2296274,eubandr01
373,Blake Wesley,Portland Trail Blazers,$7022602,,,,,,$2296274,weslebl01
374,Collin Gillespie,Phoenix Suns,$2296274,,,,,,$2296274,gilleco01
375,Kyle Lowry,Philadelphia 76ers,$2296274,,,,,,$2296274,lowryky01
376,Eric Gordon,Philadelphia 76ers,$2296274,,,,,,$2296274,gordoer01
377,Mason Plumlee,Charlotte Hornets,$2296274,,,,,,$2296274,plumlma01
378,Landry Shamet,New York Knicks,$2296274,,,,,,$2296274,shamela01
379,Jordan Clarkson,New York Knicks,$16581988,,,,,,$2296274,clarkjo01
380,Nah'Shon Hyland,Minnesota Timberwolves,$2296274,,,,,,$2296274,hylanbo01
381,Joe Ingles,Minnesota Timberwolves,$2296274,,,,,,$2296274,inglejo01
382,Chris Livingston,Cleveland Cavaliers,,,,,,,$2296274,livinch01
383,Thanasis Antetokounmpo,Milwaukee Bucks,$2296274,,,,,,$2296274,antetth01
384,Amir Coffey,Milwaukee Bucks,$2296274,,,,,,$2296274,coffeam01
385,Cole Anthony,Milwaukee Bucks,$15396274,,,,,,$2296274,anthoco01
386,Chris Paul,Los Angeles Clippers,$2296274,,,,,,$2296274,paulch01
387,Josh Okogie,Houston Rockets,$2296274,,,,,,$2296274,okogijo01
388,Jeff Green,Houston Rockets,$2296274,,,,,,$2296274,greenje02
389,Aaron Holiday,Houston Rockets,$2296274,,,,,,$2296274,holidaa01
390,Jae'Sean Tate,Houston Rockets,$2296274,,,,,,$2296274,tateja01
391,Gary Payton II,Golden State Warriors,$2296274,,,,,,$2296274,paytoga02
392,Javonte Green,Detroit Pistons,$2296274,,,,,,$2296274,greenja02
393,Tim Hardaway Jr.,Denver Nuggets,$2296274,,,,,,$2296274,hardati02
394,Bruce Brown,Denver Nuggets,$2296274,,,,,,$2296274,brownbr01
395,Dante Exum,Dallas Mavericks,$2296274,,,,,,$2296274,exumda01
396,Thomas Bryant,Cleveland Cavaliers,$2296274,,,,,,$2296274,bryanth01
397,Larry Nance Jr.,Cleveland Cavaliers,$2296274,,,,,,$2296274,nancela02
398,Chris Boucher,Boston Celtics,$2296274,,,,,,$2296274,bouchch01
399,Scotty Pippen Jr.,Memphis Grizzlies,$2270735,$2461462,$2789215,,,,$2270735,pippesc02
400,JD Davison,Houston Rockets,$2270735,,,,,,$2270735,davisjd01
401,Brandon Williams,Dallas Mavericks,$2270735,,,,,,,willibr03
402,Moussa Diabate,Charlotte Hornets,$2270735,$2461462,,,,,,diabamo01
403,DeAndre Jordan,New Orleans Pelicans,$2269880,,,,,,$2269880,jordade01
404,Toumani Camara,Portland Trail Blazers,$2221677,$18080358,$19526786,$20973214,$22419642,,$83221677,camarto01
405,Rayan Rupert,Portland Trail Blazers,$2221677,,,,,,$2221677,ruperra01
406,Ricky Council IV,Philadelphia 76ers,$2221677,,,,,,$2221677,councri01
407,GG Jackson,Memphis Grizzlies,$2221677,$2406205,,,,,$2221677,jacksgg01
408,Gui Santos,Golden State Warriors,$2221677,,,,,,$2221677,santogu01
409,Jalen Pickett,Denver Nuggets,$2221677,$2406205,,,,,$2221677,pickeja02
410,Hunter Tyson,Denver Nuggets,$2221677,$2406205,,,,,$2221677,tysonhu01
411,Julian Phillips,Chicago Bulls,$2221677,$2406205,,,,,$2221677,phillju01
412,Jalen Wilson,Brooklyn Nets,$2221677,,,,,,$2221677,wilsoja03
413,Jordan Walsh,Boston Celtics,$2221677,$2406205,,,,,$200000,walshjo01
414,Leonard Miller,Minnesota Timberwolves,$2221677,$2406205,,,,,,millele01
415,Andre Jackson Jr.,Milwaukee Bucks,$2221677,$2406205,,,,,,jacksan01
416,Trayce Jackson-Davis,Golden State Warriors,$2221677,$2406205,,,,,,jackstr02
417,Craig Porter,Cleveland Cavaliers,$2221677,$2406205,,,,,,portecr01
418,Duop Reath,Portland Trail Blazers,$2221677,,,,,,,reathdu01
419,Mouhamed Gueye,Atlanta Hawks,$2221677,$2406205,,,,,,gueyemo02
420,JaVale McGee,Dallas Mavericks,$2208856,$2208856,$2208856,,,,$6626568,mcgeeja01
421,Tyler Kolek,New York Knicks,$2191897,$2296271,$2486995,,,,$4488168,kolekty01
422,Jaylen Clark,Minnesota Timberwolves,$2191897,,,,,,$2191897,clarkja02
423,Tyrese Martin,Brooklyn Nets,$2191897,,,,,,$2191897,martity01
424,Precious Achiuwa,Sacramento Kings,$2111516,,,,,,$2111516,achiupr01
425,Justin Edwards,Philadelphia 76ers,$2048494,$2411090,$2616754,,,,$4459584,edwarju01
426,Nigel Hayes,Phoenix Suns,$2048494,,,,,,$2048494,hayesni01
427,N'Faly Dante,Atlanta Hawks,$2048494,$2411090,,,,,,nfalyda01
428,Tyler Smith,Milwaukee Bucks,$1955377,$2296271,,,,,$4251648,smithty02
429,Johnny Furphy,Indiana Pacers,$1955377,$2296271,$2486995,,,,$4251648,furphjo01
430,Jonathan Mogbo,Toronto Raptors,$1955377,$2296271,,,,,$1955377,mogbojo01
431,Jamal Shead,Toronto Raptors,$1955377,$2296271,,,,,$1955377,sheadja01
432,Oso Ighodaro,Phoenix Suns,$1955377,$2296271,$2486995,,,,$1955377,ighodos01
433,Ariel Hukporti,New York Knicks,$1955377,,,,,,$1955377,hukpoar01
434,Karlo Matkovic,New Orleans Pelicans,$1955377,$2296271,,,,,$1955377,matkoka01
435,Keshad Johnson,Miami Heat,$1955377,,,,,,$1955377,johnske10
436,Jaylen Wells,Memphis Grizzlies,$1955377,$2296271,$2486995,,,,$1955377,wellsja01
437,Bronny James,Los Angeles Lakers,$1955377,$2296271,$2486995,,,,$1955377,jamesbr02
438,Cam Christie,Los Angeles Clippers,$1955377,$2296271,$2486995,,,,$1955377,chrisca02
439,Quinten Post,Golden State Warriors,$1955377,,,,,,$1955377,postqu01
440,Isaac Jones,Detroit Pistons,$1955377,,,,,,$1955377,jonesis01
441,Bobi Klintman,Detroit Pistons,$1955377,$2296271,$2486995,,,,$1955377,klintbo01
442,Drew Timme,Los Angeles Lakers,$1955377,,,,,,$1955377,timmedr01
443,Jamison Battle,Toronto Raptors,$1955377,$2296271,,,,,,battlja01
444,Adem Bona,Philadelphia 76ers,$1955377,$2296271,$2486995,,,,,bonaad01
445,Pelle Larsson,Miami Heat,$1955377,$2296271,,,,,,larsspe01
446,Chaz Lanier,Detroit Pistons,$1372870,$2150917,$2525901,$2735698,,,$3523787,laniech01
447,Rasheer Fleming,Phoenix Suns,$1272870,$2150917,$2525901,$2735698,,,$5949688,flemira01
448,Maxime Raynaud,Sacramento Kings,$1272870,$2150917,$2525901,,,,$3423787,raynama01
449,Johni Broome,Philadelphia 76ers,$1272870,$2150917,$2525901,$2735698,,,$3423787,broomjo01
450,Noah Penda,Orlando Magic,$1272870,$2150917,$2525901,$2735698,,,$3423787,pendano01
451,Micah Peavy,New Orleans Pelicans,$1272870,$2150917,$2525901,$2735698,,,$3423787,peavymi01
452,Adou Thiero,Los Angeles Lakers,$1272870,$2150917,$2525901,,,,$3423787,thierad01
453,Will Richard,Golden State Warriors,$1272870,$2150917,$2525901,$2735698,,,$3423787,richawi02
454,Tyrese Proctor,Cleveland Cavaliers,$1272870,$2150917,$2525901,$2735698,,,$3423787,proctty01
455,Mohamed Diawara,New York Knicks,$1272870,,,,,,$1272870,diawamo01
456,Kam Jones,Indiana Pacers,$1272870,$2150917,$2525901,$2735698,,,$1272870,joneska03
457,Nikola Djurisic,Atlanta Hawks,$1272870,$2150917,$2525901,,,,$1272870,djurini01
458,Olivier-Maxence Prosper,Memphis Grizzlies,$1002360,$1002360,$1002360,,,,$3007080,prospol01
459,James Wiseman,Indiana Pacers,$1000000,,,,,,$1000000,wisemja01
460,E.J. Liddell,Brooklyn Nets,$706898,$706898,,,,,$1413796,liddeej01
461,Mamadi Diakite,Memphis Grizzlies,$464050,$464050,,,,,$928100,diakima01
462,Ricky Rubio,Cleveland Cavaliers,$424672,$424672,,,,,$849344,rubiori01
463,Monte Morris,Indiana Pacers,$321184,,,,,,$321184,morrimo01
464,Didi Louzada,Portland Trail Blazers,$268032,$268032,$268032,$268032,,,$1072128,louzama01
465,Mac McClung,Indiana Pacers,$164060,,,,,,$164060,mccluma01
466,Garrison Mathews,Indiana Pacers,$131970,,,,,,$263940,mathega01
467,Garrison Mathews,Indiana Pacers,$131970,,,,,,$263940,mathega01
468,Jeremiah Robinson-Earl,Dallas Mavericks,,,,,,,$263940,robinje02
469,Jeremiah Robinson-Earl,Dallas Mavericks,,,,,,,$263940,robinje02
470,Charles Bassey,Philadelphia 76ers,,,,,,,$131970,bassech01
471,Jaden Springer,New Orleans Pelicans,$70732,,,,,,$70732,sprinja01
